1) Mieszkania;440235;Na sprzedaż;-1;54.0;54.0;https://levelnieruchomosci.pl/properties/willa-kosciuszki-apartament-nr-6/;4;https://levelnieruchomosci.pl/wp-content/uploads/2022/04/projekt-baner-1.jpg,https://levelnieruchomosci.pl/wp-content/uploads/2022/04/Willa-k001.jpg,https://levelnieruchomosci.pl/wp-content/uploads/2022/04/Willa-k002.jpg,https://levelnieruchomosci.pl/wp-content/uploads/2022/04/Willa-ko001.jpg,;https://levelnieruchomosci.pl/wp-content/uploads/2022/04/projekt-baner-1.jpg;https://levelnieruchomosci.pl/wp-content/uploads/2022/04/projekt-baner-1.jpg;"Opis
            
                LEVEL Nieruchomości oficjalnie rusza ze sprzedażą apartamentów w nowo powstającej inwestycji w Elblągu. Willa Kościuszki to kameralny budynek, w którym będzie znajdować się dziewięć mieszkań o powierzchni od 38,31 m2 do 54,51 m2 z indywidualnym miejscem parkingowym do każdego z apartamentów. Prezentowany lokal mieszkalny numer 6 znajduje się na pierwszym piętrze i składa się z salonu, dwóch sypialni, kuchni, łazienki, przedpokoju oraz dwóch balkonów. Więcej szczegółów, karty lokali, oraz opis inwestycji znajdziecie na specjalnie dedykowanej stronie  www.kościuszkielbląg.pl
 
Przedmiotowa oferta cenowa ma charakter informacyjny i nie stanowi oferty handlowej w rozumieniu Art. 66 par.1 Kodeksu Cywilnego.";-1;3;-1;ul. Kościuszki, Elbląg,;8.0;-1;-1;-1;-1;-1;-1;-1;-1;-1;1;-1;-1;-1;-1;-1;-1;-1;-1;-1;-1;-1;Level nieruchomości;-1;2022-05-09 19:56:10.531488
4) Lokale użytkowe;3190;Na sprzedaż;-1;300.0;300.0;https://levelnieruchomosci.pl/properties/klimatyczna-restauracja-duchowka/;15;https://levelnieruchomosci.pl/wp-content/uploads/2021/11/Duchówkai004.jpg,https://levelnieruchomosci.pl/wp-content/uploads/2021/11/Duchówkai014.jpg,https://levelnieruchomosci.pl/wp-content/uploads/2021/11/Duchówkai008.jpg,https://levelnieruchomosci.pl/wp-content/uploads/2021/11/Duchówkai012.jpg,https://levelnieruchomosci.pl/wp-content/uploads/2021/11/Duchówkai010.jpg,https://levelnieruchomosci.pl/wp-content/uploads/2021/11/Duchówkai013.jpg,https://levelnieruchomosci.pl/wp-content/uploads/2021/11/Duchówkai007.jpg,https://levelnieruchomosci.pl/wp-content/uploads/2021/11/Duchówkai003.jpg,https://levelnieruchomosci.pl/wp-content/uploads/2021/11/Duchówkai015.jpg,https://levelnieruchomosci.pl/wp-content/uploads/2021/11/Duchówkai002.jpg,https://levelnieruchomosci.pl/wp-content/uploads/2022/02/Duchowka-k004.jpg,https://levelnieruchomosci.pl/wp-content/uploads/2022/02/Duchowka-k005.jpg,https://levelnieruchomosci.pl/wp-content/uploads/2022/02/Duchowka-k006.jpg,https://levelnieruchomosci.pl/wp-content/uploads/2021/11/Duchówkai006.jpg,https://levelnieruchomosci.pl/wp-content/uploads/2021/11/Duchówkai005.jpg,;https://levelnieruchomosci.pl/wp-content/uploads/2021/11/Duchówkai004.jpg;https://levelnieruchomosci.pl/wp-content/uploads/2021/11/Duchówkai004.jpg;"Opis
            
                Na sprzedaż kultowa restauracja Duchówka w Elblągu przy ulicy 3 Maja. Lokal o ugruntowanej marce i słynący z dobrej kuchni od lat. Klimatyczne wnętrze odrestaurowanego budynku przyciągające już samym wyglądem. Restauracja składa się z dwóch poziomów o łącznej powierzchni 300 m2. W pełni wyposażona kuchnia w urządzenia gastronomiczne i sprzęt kuchenny oraz sale konsumpcyjne z pełnym wystrojem. Restauracja posiada ogród letni oraz miejsca parkingowe dla klientów. Budynek posadowiony na działce o łącznej powierzchni 567 m2. Obiekt znajduje się w miejscu, wokół którego powstają nowe inwestycje mieszkaniowe, co na pewno wpłynie na wzrost klienteli lokalu. Budynek jest pod nadzorem konserwatorski dzięki czemu możemy skorzystać z nowej ulgi podatkowej na zabytki, która zaczęła funkcjonować od początku 2022 roku.
Zapraszamy do oglądania. 
Bez prowizji od kupujących !!!
Przedmiotowa oferta cenowa ma charakter informacyjny i nie stanowi oferty handlowej w rozumieniu Art. 66 par.1 Kodeksu Cywilnego.
Opis oferty sporządzony został przez pośrednika na podstawie oględzin oraz informacji pochodzących od właściciela, może podlegać aktualizacji i nie stanowi oferty handlowej w rozumieniu Art. 66 i następnych Kodeksu Cywilnego.";-1;-1;-1;ul. 3 Maja, Elbląg,;10.0;-1;-1;-1;-1;-1;-1;-1;-1;-1;-1;-1;-1;-1;-1;-1;-1;-1;-1;-1;-1;-1;Level nieruchomości;-1;2022-05-09 19:56:10.531488
1) Mieszkania;900000;Na sprzedaż;-1;91.0;91.0;https://levelnieruchomosci.pl/properties/apartament-na-ostatnim-pietrze-regal-park/;18;https://levelnieruchomosci.pl/wp-content/uploads/2021/04/regal-park13p001.jpg,https://levelnieruchomosci.pl/wp-content/uploads/2021/04/regal-park13p002.jpg,https://levelnieruchomosci.pl/wp-content/uploads/2021/04/regal-park13p003.jpg,https://levelnieruchomosci.pl/wp-content/uploads/2021/04/regal-park13p014.jpg,https://levelnieruchomosci.pl/wp-content/uploads/2021/04/regal-park13p005.jpg,https://levelnieruchomosci.pl/wp-content/uploads/2021/04/regal-park13p006.jpg,https://levelnieruchomosci.pl/wp-content/uploads/2021/04/regal-park13p007.jpg,https://levelnieruchomosci.pl/wp-content/uploads/2021/04/regal-park13p008.jpg,https://levelnieruchomosci.pl/wp-content/uploads/2021/04/regal-park13p013.jpg,https://levelnieruchomosci.pl/wp-content/uploads/2021/04/regal-park13p009.jpg,https://levelnieruchomosci.pl/wp-content/uploads/2021/04/regal-park13p010.jpg,https://levelnieruchomosci.pl/wp-content/uploads/2021/04/regal-park13p012.jpg,https://levelnieruchomosci.pl/wp-content/uploads/2021/04/regal-park13p011.jpg,https://levelnieruchomosci.pl/wp-content/uploads/2021/04/regal-park13p016.jpg,https://levelnieruchomosci.pl/wp-content/uploads/2021/04/regal-park13p017.jpg,https://levelnieruchomosci.pl/wp-content/uploads/2021/04/regal-park13p018.jpg,https://levelnieruchomosci.pl/wp-content/uploads/2021/04/regal-park13p004.jpg,https://levelnieruchomosci.pl/wp-content/uploads/2021/04/regal-park13p015.jpg,;https://levelnieruchomosci.pl/wp-content/uploads/2021/04/regal-park13p001.jpg;https://levelnieruchomosci.pl/wp-content/uploads/2021/04/regal-park13p001.jpg;"Opis
            
                Na sprzedaż apartament w stanie deweloperskim na ostatnim, trzynastym piętrze w Regal Park w Elblągu, o powierzchni 91,74 m2. Nieruchomość składa się z salonu z jadalnią i aneksu kuchennego, dwóch sypialni, garderoby, osobnej łazienki i toalety oraz przedpokoju. Ze wszystkich pokoi bezpośrednie wyjście na okalający taras łączący cały apartament. Mieszkanie pierwotnie posiadało cztery pokoje i z łatwością można wrócić do tego stanu. Apartament bardzo słoneczny z witrynami okiennymi do samej podłogi, z których rozpościera się widok na panoramę miasta. Dodatkowo do mieszkania przynależny wykupione parkingowe miejsce w hali garażowej oraz komórka lokatorska. Jeśli szukasz nietypowego apartamentu z najlepszym widokiem w mieście to właśnie go znalazłeś.
Apartament znajduje się w nowo powstającym budynku „Regal Park” w Elblągu. Inwestycja znajduje się przy skrzyżowaniu ulic Królewieckiej i Nowowiejskiej. Obiekt łączy w sobie funkcje mieszkaniowe, biznesowe oraz wypoczynkowe. Prestiżowy wygląd oraz położenie sprawia, iż budynek jest jedną z najbardziej oczekiwanych inwestycji w mieście. 
W okolicy znajduje się teatr, kino, lodowisko, basen, C.H. Zielone Tarasy, szkoły, przedszkola, place zabaw oraz świetnie rozwinięta komunikacja miejska (tramwaj, autobus). Wszystko to widziane z tarasu.
Zapraszamy do kontaktu.
Bez prowizji od kupujących !!!
Przedmiotowa oferta cenowa ma charakter informacyjny i nie stanowi oferty handlowej w rozumieniu Art. 66 par.1 Kodeksu Cywilnego.
Opis oferty sporządzony został przez pośrednika na podstawie oględzin oraz informacji pochodzących od właściciela, może podlegać aktualizacji i nie stanowi oferty handlowej w rozumieniu Art. 66 i następnych Kodeksu Cywilnego.";-1;3;-1;ul. Nowowiejska, Elbląg,;9.0;-1;-1;-1;-1;-1;-1;-1;-1;-1;1;-1;-1;-1;-1;-1;-1;-1;-1;-1;-1;-1;Level nieruchomości;-1;2022-05-09 19:56:10.531488
1) Mieszkania;900000;Na sprzedaż;-1;91.0;91.0;https://levelnieruchomosci.pl/properties/apartament-na-ostatnim-pietrze-regal-park/;18;https://levelnieruchomosci.pl/wp-content/uploads/2021/04/regal-park13p001.jpg,https://levelnieruchomosci.pl/wp-content/uploads/2021/04/regal-park13p002.jpg,https://levelnieruchomosci.pl/wp-content/uploads/2021/04/regal-park13p003.jpg,https://levelnieruchomosci.pl/wp-content/uploads/2021/04/regal-park13p014.jpg,https://levelnieruchomosci.pl/wp-content/uploads/2021/04/regal-park13p005.jpg,https://levelnieruchomosci.pl/wp-content/uploads/2021/04/regal-park13p006.jpg,https://levelnieruchomosci.pl/wp-content/uploads/2021/04/regal-park13p007.jpg,https://levelnieruchomosci.pl/wp-content/uploads/2021/04/regal-park13p008.jpg,https://levelnieruchomosci.pl/wp-content/uploads/2021/04/regal-park13p013.jpg,https://levelnieruchomosci.pl/wp-content/uploads/2021/04/regal-park13p009.jpg,https://levelnieruchomosci.pl/wp-content/uploads/2021/04/regal-park13p010.jpg,https://levelnieruchomosci.pl/wp-content/uploads/2021/04/regal-park13p012.jpg,https://levelnieruchomosci.pl/wp-content/uploads/2021/04/regal-park13p011.jpg,https://levelnieruchomosci.pl/wp-content/uploads/2021/04/regal-park13p016.jpg,https://levelnieruchomosci.pl/wp-content/uploads/2021/04/regal-park13p017.jpg,https://levelnieruchomosci.pl/wp-content/uploads/2021/04/regal-park13p018.jpg,https://levelnieruchomosci.pl/wp-content/uploads/2021/04/regal-park13p004.jpg,https://levelnieruchomosci.pl/wp-content/uploads/2021/04/regal-park13p015.jpg,;https://levelnieruchomosci.pl/wp-content/uploads/2021/04/regal-park13p001.jpg;https://levelnieruchomosci.pl/wp-content/uploads/2021/04/regal-park13p001.jpg;"Opis
            
                Na sprzedaż apartament w stanie deweloperskim na ostatnim, trzynastym piętrze w Regal Park w Elblągu, o powierzchni 91,74 m2. Nieruchomość składa się z salonu z jadalnią i aneksu kuchennego, dwóch sypialni, garderoby, osobnej łazienki i toalety oraz przedpokoju. Ze wszystkich pokoi bezpośrednie wyjście na okalający taras łączący cały apartament. Mieszkanie pierwotnie posiadało cztery pokoje i z łatwością można wrócić do tego stanu. Apartament bardzo słoneczny z witrynami okiennymi do samej podłogi, z których rozpościera się widok na panoramę miasta. Dodatkowo do mieszkania przynależny wykupione parkingowe miejsce w hali garażowej oraz komórka lokatorska. Jeśli szukasz nietypowego apartamentu z najlepszym widokiem w mieście to właśnie go znalazłeś.
Apartament znajduje się w nowo powstającym budynku „Regal Park” w Elblągu. Inwestycja znajduje się przy skrzyżowaniu ulic Królewieckiej i Nowowiejskiej. Obiekt łączy w sobie funkcje mieszkaniowe, biznesowe oraz wypoczynkowe. Prestiżowy wygląd oraz położenie sprawia, iż budynek jest jedną z najbardziej oczekiwanych inwestycji w mieście. 
W okolicy znajduje się teatr, kino, lodowisko, basen, C.H. Zielone Tarasy, szkoły, przedszkola, place zabaw oraz świetnie rozwinięta komunikacja miejska (tramwaj, autobus). Wszystko to widziane z tarasu.
Zapraszamy do kontaktu.
Bez prowizji od kupujących !!!
Przedmiotowa oferta cenowa ma charakter informacyjny i nie stanowi oferty handlowej w rozumieniu Art. 66 par.1 Kodeksu Cywilnego.
Opis oferty sporządzony został przez pośrednika na podstawie oględzin oraz informacji pochodzących od właściciela, może podlegać aktualizacji i nie stanowi oferty handlowej w rozumieniu Art. 66 i następnych Kodeksu Cywilnego.";-1;3;-1;ul. Nowowiejska, Elbląg,;9.0;-1;-1;-1;-1;-1;-1;-1;-1;-1;1;-1;-1;-1;-1;-1;-1;-1;-1;-1;-1;-1;Level nieruchomości;-1;2022-05-09 19:56:10.531488
1) Mieszkania;635900;Na sprzedaż;-1;40.0;40.0;https://levelnieruchomosci.pl/properties/apartament-nad-morzem-nr-12-stegna/;12;https://levelnieruchomosci.pl/wp-content/uploads/2022/05/Stegna-AP018.jpg,https://levelnieruchomosci.pl/wp-content/uploads/2022/04/Stegna-AP002.jpg,https://levelnieruchomosci.pl/wp-content/uploads/2022/04/Stegna-AP006.jpg,https://levelnieruchomosci.pl/wp-content/uploads/2022/04/Stegna-AP016.jpg,https://levelnieruchomosci.pl/wp-content/uploads/2022/05/Stegna-AP014.jpg,https://levelnieruchomosci.pl/wp-content/uploads/2022/04/Stegna-AP015.jpg,https://levelnieruchomosci.pl/wp-content/uploads/2022/04/Stegna-AP003.jpg,https://levelnieruchomosci.pl/wp-content/uploads/2022/04/Stegna-AP004.jpg,https://levelnieruchomosci.pl/wp-content/uploads/2022/04/Stegna-AP020.jpg,https://levelnieruchomosci.pl/wp-content/uploads/2022/04/Stegna-AP021.jpg,https://levelnieruchomosci.pl/wp-content/uploads/2022/04/Stegna-AP001.jpg,https://levelnieruchomosci.pl/wp-content/uploads/2022/05/Stegna-rzuty004.jpg,;https://levelnieruchomosci.pl/wp-content/uploads/2022/05/Stegna-AP018.jpg;https://levelnieruchomosci.pl/wp-content/uploads/2022/05/Stegna-AP018.jpg;"Opis
            
                Na sprzedaż jeden z dwudziestu trzech gotowych, w pełni wyposażonych i funkcjonalnych apartamentów w Stegnie o powierzchni 40,06 m2. Nieruchomość składa się z pokoju dziennego z aneksem kuchennym, dwóch sypialni, łazienki oraz przedpokoju. Apartament znajduje się na pierwszym piętrze w dwupiętrowym, nowoczesnym budynku. Z salonu wyjście na duży loggie o powierzchni 9,23 m2. Nieruchomość w pełni umeblowana oraz wyposażona we wszystkie sprzęty RTV i AGD. Dodatkowo płatne miejsce parkingowe w hali garażowej w kwocie 35 000 zł lub przed budynkiem w cenie 20 000 zł. Teren ogrodzony, otoczony lasem. Przed budynkiem znajduje się plac zabaw, siłownia oraz boisko. Dodatkowo drugi plac zabaw w wewnątrz budynku. Nieruchomość idealnie nadaje się pod inwestycję przez cały rok lub na własne potrzeby. Stegna to znane miejsce do wypoczynku w odległości zaledwie 37 km od Elbląga oraz 34 od Gdańska. W sprzedaży posiadamy również inne apartamenty w przedziale od 30 m2 do 57 m2. Możliwość odliczenia podatku VAT. Budynek zarządzany przez administratora z możliwością pełnej obsługi najmu.
Zapraszamy do oglądania. 
Bez prowizji od kupujących !!!
Przedmiotowa oferta cenowa ma charakter informacyjny i nie stanowi oferty handlowej w rozumieniu Art. 66 par.1 Kodeksu Cywilnego.
Opis oferty sporządzony został przez pośrednika na podstawie oględzin oraz informacji pochodzących od właściciela, może podlegać aktualizacji i nie stanowi oferty handlowej w rozumieniu Art. 66 i następnych Kodeksu Cywilnego.";-1;3;-1;ul. Grunwaldzka, Stegna,;15.0;-1;-1;-1;-1;-1;-1;-1;-1;-1;1;-1;-1;-1;-1;-1;-1;-1;-1;-1;-1;-1;Level nieruchomości;-1;2022-05-09 19:56:10.531488
2) Domy;150000;Na sprzedaż;-1;7800.0;7800.0;https://levelnieruchomosci.pl/properties/miejsce-na-twoje-siedlisko/;18;https://levelnieruchomosci.pl/wp-content/uploads/2022/05/Zaściankii001.jpg,https://levelnieruchomosci.pl/wp-content/uploads/2022/05/Zaściankii007.jpg,https://levelnieruchomosci.pl/wp-content/uploads/2022/05/Zaściankii002.jpg,https://levelnieruchomosci.pl/wp-content/uploads/2022/05/Zaściankii003.jpg,https://levelnieruchomosci.pl/wp-content/uploads/2022/05/Zaściankii004.jpg,https://levelnieruchomosci.pl/wp-content/uploads/2022/05/Zaściankii005.jpg,https://levelnieruchomosci.pl/wp-content/uploads/2022/05/Zaściankii009.jpg,https://levelnieruchomosci.pl/wp-content/uploads/2022/05/Zaściankii017.jpg,https://levelnieruchomosci.pl/wp-content/uploads/2022/05/Zaściankii016.jpg,https://levelnieruchomosci.pl/wp-content/uploads/2022/05/Zaściankii015.jpg,https://levelnieruchomosci.pl/wp-content/uploads/2022/05/Zaściankii014.jpg,https://levelnieruchomosci.pl/wp-content/uploads/2022/05/Zaściankii013.jpg,https://levelnieruchomosci.pl/wp-content/uploads/2022/05/Zaściankii012.jpg,https://levelnieruchomosci.pl/wp-content/uploads/2022/05/Zaściankii011.jpg,https://levelnieruchomosci.pl/wp-content/uploads/2022/05/Zaściankii009-1.jpg,https://levelnieruchomosci.pl/wp-content/uploads/2022/05/Zaściankii008.jpg,https://levelnieruchomosci.pl/wp-content/uploads/2022/05/Zaściankii010.jpg,https://levelnieruchomosci.pl/wp-content/uploads/2022/05/Zaściankii006.jpg,;https://levelnieruchomosci.pl/wp-content/uploads/2022/05/Zaściankii001.jpg;https://levelnieruchomosci.pl/wp-content/uploads/2022/05/Zaściankii001.jpg;"Opis
            
                Na sprzedaż zabudowane działki z własnym stawem w otoczeniu lasu w cichej, spokojnej okolicy, oddalone od Elbląga zaledwie 20 km. Nieruchomość gruntowa o łącznej powierzchni 7800 m2 znajduje się w miejscowości Zaścianki. W skład nieruchomości wchodzą takie zabudowy jak pół domu, część obory oraz budynek gospodarczy. Idealne miejsce na własne siedlisko w otoczeniu dziewiczej przyrody. Brak większego sąsiedztwa to gwarancja ostoi spokoju.
Przedmiotowa oferta cenowa ma charakter informacyjny i nie stanowi oferty handlowej w rozumieniu Art. 66 par.1 Kodeksu Cywilnego.
Opis oferty sporządzony został przez pośrednika na podstawie oględzin oraz informacji pochodzących od właściciela, może podlegać aktualizacji i nie stanowi oferty handlowej w rozumieniu Art. 66 i następnych Kodeksu Cywilnego.
Przy zakupie nieruchomości należy uwzględnić koszty notarialne oraz wynagrodzenie dla biura nieruchomości w wysokości 1% brutto.";-1;-1;-1;Zaścianki,;19.0;-1;-1;-1;-1;-1;-1;-1;-1;-1;-1;-1;-1;-1;-1;-1;-1;-1;-1;-1;-1;-1;Level nieruchomości;-1;2022-05-09 19:56:10.531488
1) Mieszkania;288000;Na sprzedaż;-1;37.0;37.0;https://levelnieruchomosci.pl/properties/gotowe-mieszkanie-dwupoziomowe/;11;https://levelnieruchomosci.pl/wp-content/uploads/2022/04/Ślepa-OP008.jpg,https://levelnieruchomosci.pl/wp-content/uploads/2022/04/Ślepa-OP005.jpg,https://levelnieruchomosci.pl/wp-content/uploads/2022/04/Ślepa-OP007.jpg,https://levelnieruchomosci.pl/wp-content/uploads/2022/04/Ślepa-OP006.jpg,https://levelnieruchomosci.pl/wp-content/uploads/2022/04/Ślepa-OP001.jpg,https://levelnieruchomosci.pl/wp-content/uploads/2022/04/Ślepa-OP011.jpg,https://levelnieruchomosci.pl/wp-content/uploads/2022/04/Ślepa-OP002.jpg,https://levelnieruchomosci.pl/wp-content/uploads/2022/04/Ślepa-OP009.jpg,https://levelnieruchomosci.pl/wp-content/uploads/2022/04/Ślepa-OP010.jpg,https://levelnieruchomosci.pl/wp-content/uploads/2022/04/Ślepa-OP003.jpg,https://levelnieruchomosci.pl/wp-content/uploads/2022/04/Ślepa-OP004.jpg,;https://levelnieruchomosci.pl/wp-content/uploads/2022/04/Ślepa-OP008.jpg;https://levelnieruchomosci.pl/wp-content/uploads/2022/04/Ślepa-OP008.jpg;"Opis
            
                Na sprzedaż gotowe mieszkanie dwupoziomowe w cichej części Elbląga, przy ulicy Ślepej, położone na pierwszym i drugim piętrze. Nieruchomość składa się z salonu z aneksem kuchennym, sypialni, widnej łazienki oraz przedpokoju o łącznej powierzchni 37,5 m2. Do mieszkania przynależy zagospodarowane poddasze pełniące funkcję trzeciego pokoju o powierzchni ok. 12 m2 po podłodze (nie wliczone do metrażu). Nieruchomość bardzo widna z wystawą okienną od wschodu oraz zachodu. Ogrzewanie oraz ciepła woda zasilane dwufunkcyjnym piecykiem gazowym. Niskie koszty utrzymania, czynsz w kwocie zaledwie 170 zł. Do mieszkania przynależy pomieszczenie piwniczne o powierzchni 3,6 m2. W niedalekiej odległości znajdują się szkoły, hala sportowa, boisko, liczne sklepy, plac zabaw oraz ogródki działkowe ROD.
Zapraszamy do oglądania. 
Bez prowizji od kupujących !!!
Przedmiotowa oferta cenowa ma charakter informacyjny i nie stanowi oferty handlowej w rozumieniu Art. 66 par.1 Kodeksu Cywilnego.
Opis oferty sporządzony został przez pośrednika na podstawie oględzin oraz informacji pochodzących od właściciela, może podlegać aktualizacji i nie stanowi oferty handlowej w rozumieniu Art. 66 i następnych Kodeksu Cywilnego.";-1;3;-1;ul. Ślepa, Elbląg,;7.0;-1;-1;-1;-1;-1;-1;-1;-1;-1;1;-1;-1;-1;-1;-1;-1;-1;-1;-1;-1;-1;Level nieruchomości;-1;2022-05-09 19:56:10.531488
1) Mieszkania;200000;Na sprzedaż;-1;41.0;41.0;https://levelnieruchomosci.pl/properties/mieszkanie-dwupokojowe-z-widokiem-na-park/;9;https://levelnieruchomosci.pl/wp-content/uploads/2022/04/Górnośląska008.jpg,https://levelnieruchomosci.pl/wp-content/uploads/2022/04/Górnośląska003.jpg,https://levelnieruchomosci.pl/wp-content/uploads/2022/04/Górnośląska004.jpg,https://levelnieruchomosci.pl/wp-content/uploads/2022/04/Górnośląska005.jpg,https://levelnieruchomosci.pl/wp-content/uploads/2022/04/Górnośląska006.jpg,https://levelnieruchomosci.pl/wp-content/uploads/2022/04/Górnośląska007.jpg,https://levelnieruchomosci.pl/wp-content/uploads/2022/04/Górnośląska010.jpg,https://levelnieruchomosci.pl/wp-content/uploads/2022/04/Górnośląska002.jpg,https://levelnieruchomosci.pl/wp-content/uploads/2022/04/Górnośląska009.jpg,;https://levelnieruchomosci.pl/wp-content/uploads/2022/04/Górnośląska008.jpg;https://levelnieruchomosci.pl/wp-content/uploads/2022/04/Górnośląska008.jpg;"Opis
            
                Na sprzedaż mieszkanie dwupokojowe z widokiem na park w Elblągu przy ulicy Górnośląskiej o powierzchni 41,5 m2. Nieruchomość znajduje się na drugim piętrze i składa się z salonu, sypialni, kuchni z oknem oraz łazienki. Mieszkanie bardzo widne z wystawą okienną od północy oraz południa. Nieruchomość do własnej aranżacji. Idealne mieszkanie na start lub pod inwestycję. Niskie koszty utrzymania z czynszem w kwocie 270 zł. Ciepła woda z piecyka na prąd. Do mieszkania przynależy pomieszczenie piwniczne o powierzchni 4 m2 oraz komórka. Ogrzewanie z wolnostojącego kominka na drewno. Możliwość podłączenia ogrzewania gazowego. W niedalekiej odległości znajduje się duży plac zabaw, przystanek autobusowy, szkoła, boisko oraz liczne sklepy.
Zapraszamy do oglądania. 
Przedmiotowa oferta cenowa ma charakter informacyjny i nie stanowi oferty handlowej w rozumieniu Art. 66 par.1 Kodeksu Cywilnego.
Opis oferty sporządzony został przez pośrednika na podstawie oględzin oraz informacji pochodzących od właściciela, może podlegać aktualizacji i nie stanowi oferty handlowej w rozumieniu Art. 66 i następnych Kodeksu Cywilnego.
Przy zakupie nieruchomości należy uwzględnić koszty notarialne oraz wynagrodzenie dla biura nieruchomości w wysokości 1% brutto.";-1;2;-1;ul. Górnośląska, Elbląg,;4.0;-1;-1;-1;-1;-1;-1;-1;-1;-1;1;-1;-1;-1;-1;-1;-1;-1;-1;-1;-1;-1;Level nieruchomości;-1;2022-05-09 19:56:10.531488
1) Mieszkania;544400;Na sprzedaż;-1;34.0;34.0;https://levelnieruchomosci.pl/properties/apartament-nad-morzem-nr-3-stegna/;11;https://levelnieruchomosci.pl/wp-content/uploads/2022/04/Stegna-AP006.jpg,https://levelnieruchomosci.pl/wp-content/uploads/2022/04/Stegna-AP005.jpg,https://levelnieruchomosci.pl/wp-content/uploads/2022/04/Stegna-AP002.jpg,https://levelnieruchomosci.pl/wp-content/uploads/2022/04/Stegna-AP013.jpg,https://levelnieruchomosci.pl/wp-content/uploads/2022/04/Stegna-AP016.jpg,https://levelnieruchomosci.pl/wp-content/uploads/2022/04/Stegna-AP015.jpg,https://levelnieruchomosci.pl/wp-content/uploads/2022/04/Stegna-AP003.jpg,https://levelnieruchomosci.pl/wp-content/uploads/2022/04/Stegna-AP004.jpg,https://levelnieruchomosci.pl/wp-content/uploads/2022/04/Stegna-AP020.jpg,https://levelnieruchomosci.pl/wp-content/uploads/2022/04/Stegna-AP021.jpg,https://levelnieruchomosci.pl/wp-content/uploads/2022/04/Stegna-AP001.jpg,;https://levelnieruchomosci.pl/wp-content/uploads/2022/04/Stegna-AP006.jpg;https://levelnieruchomosci.pl/wp-content/uploads/2022/04/Stegna-AP006.jpg;"Opis
            
                Na sprzedaż jeden z dwudziestu trzech gotowych, w pełni wyposażonych i funkcjonalnych apartamentów w Stegnie o powierzchni 34,96 m2. Nieruchomość składa się z pokoju dziennego z aneksem kuchennym, sypialni, łazienki oraz przedpokoju. Apartament znajduje się na parterze w dwupiętrowym, nowoczesnym budynku. Z salonu wyjście na duży taras o powierzchni 8m2. Nieruchomość w pełni umeblowana oraz wyposażona we wszystkie sprzęty RTV i AGD. Dodatkowo płatne miejsce parkingowe w hali garażowej w kwocie 35 000 zł lub przed budynkiem w cenie 20 000 zł. Teren ogrodzony, otoczony lasem. Przed budynkiem znajduje się plac zabaw, siłownia oraz boisko. Dodatkowo drugi plac zabaw w wewnątrz budynku. Nieruchomość idealnie nadaje się pod inwestycję przez cały rok lub na własne potrzeby. Stegna to znane miejsce do wypoczynku w odległości zaledwie 37 km od Elbląga oraz 34 od Gdańska. W sprzedaży posiadamy również inne apartamenty w przedziale od 30 m2 do 57 m2. Możliwość odliczenia podatku VAT. Budynek zarządzany przez administratora z możliwością pełnej obsługi najmu.
Zapraszamy do oglądania. 
Bez prowizji od kupujących !!!
Przedmiotowa oferta cenowa ma charakter informacyjny i nie stanowi oferty handlowej w rozumieniu Art. 66 par.1 Kodeksu Cywilnego.
Opis oferty sporządzony został przez pośrednika na podstawie oględzin oraz informacji pochodzących od właściciela, może podlegać aktualizacji i nie stanowi oferty handlowej w rozumieniu Art. 66 i następnych Kodeksu Cywilnego.";-1;2;-1;ul. Grunwaldzka, Stegna,;15.0;-1;-1;-1;-1;-1;-1;-1;-1;-1;1;-1;-1;-1;-1;-1;-1;-1;-1;-1;-1;-1;Level nieruchomości;-1;2022-05-09 19:56:10.531488
1) Mieszkania;229900;Na sprzedaż;-1;28.0;28.0;https://levelnieruchomosci.pl/properties/wyremontowane-mieszkanie-dwupokojowe/;13;https://levelnieruchomosci.pl/wp-content/uploads/2022/04/SłonecznaOL011.jpg,https://levelnieruchomosci.pl/wp-content/uploads/2022/04/SłonecznaOL001.jpg,https://levelnieruchomosci.pl/wp-content/uploads/2022/04/SłonecznaOL006.jpg,https://levelnieruchomosci.pl/wp-content/uploads/2022/04/SłonecznaOL009.jpg,https://levelnieruchomosci.pl/wp-content/uploads/2022/04/SłonecznaOL005.jpg,https://levelnieruchomosci.pl/wp-content/uploads/2022/04/SłonecznaOL003.jpg,https://levelnieruchomosci.pl/wp-content/uploads/2022/04/SłonecznaOL004.jpg,https://levelnieruchomosci.pl/wp-content/uploads/2022/04/SłonecznaOL012.jpg,https://levelnieruchomosci.pl/wp-content/uploads/2022/04/SłonecznaOL013.jpg,https://levelnieruchomosci.pl/wp-content/uploads/2022/04/SłonecznaOL008.jpg,https://levelnieruchomosci.pl/wp-content/uploads/2022/04/SłonecznaOL002.jpg,https://levelnieruchomosci.pl/wp-content/uploads/2022/03/Słoneczna36-kaw.009.jpg,https://levelnieruchomosci.pl/wp-content/uploads/2022/03/Słoneczna36-kaw.008.jpg,;https://levelnieruchomosci.pl/wp-content/uploads/2022/04/SłonecznaOL011.jpg;https://levelnieruchomosci.pl/wp-content/uploads/2022/04/SłonecznaOL011.jpg;"Opis
            
                Na sprzedaż mieszkanie dwupokojowe w Elblągu przy ulicy Słonecznej o powierzchni 28 m2. Nieruchomość składa się z salonu z balkonem, sypialni, aneksu kuchennego, łazienki oraz przedpokoju. Mieszkanie znajduje się na trzecim, ostatnim piętrze. Nieruchomość bardzo widna, z wystawą okienną od zachodu. Mieszkanie wyremontowane, w pełni wyposażone we wszystkie sprzęty oraz umeblowane. Wszystkie media dostarczane z miasta, w tym ciepła woda oraz ogrzewanie. Niskie koszty utrzymania z czynszem w kwocie ok. 300 zł. Do mieszkania przynależy pomieszczenie piwniczne o powierzchni 5,7 m2. Przed budynkiem znajduje się parking tylko dla mieszkańców otwierany na szlaban. W niedalekiej odległości znajduje się szkoła, plac zabaw, dwa parki, liczne sklepy oraz przystanki komunikacji miejskiej. 
Zapraszamy do oglądania. 
Bez prowizji od kupujących !!!
Przedmiotowa oferta cenowa ma charakter informacyjny i nie stanowi oferty handlowej w rozumieniu Art. 66 par.1 Kodeksu Cywilnego.
Opis oferty sporządzony został przez pośrednika na podstawie oględzin oraz informacji pochodzących od właściciela, może podlegać aktualizacji i nie stanowi oferty handlowej w rozumieniu Art. 66 i następnych Kodeksu Cywilnego.";-1;2;-1;ul. Słoneczna, Elbląg,;-1;-1;-1;-1;-1;-1;-1;-1;-1;-1;1;-1;-1;-1;-1;-1;-1;-1;-1;-1;-1;-1;Level nieruchomości;-1;2022-05-09 19:56:10.531488
4) Lokale użytkowe;2500;Na wynajem;-1;128.0;128.0;https://levelnieruchomosci.pl/properties/przestronny-lokal-z-duza-witryna/;12;https://levelnieruchomosci.pl/wp-content/uploads/2022/04/Hetmańska-128m008.jpg,https://levelnieruchomosci.pl/wp-content/uploads/2022/04/Hetmańska-128m009.jpg,https://levelnieruchomosci.pl/wp-content/uploads/2022/04/Hetmańska-128m006.jpg,https://levelnieruchomosci.pl/wp-content/uploads/2022/04/Hetmańska-128m005.jpg,https://levelnieruchomosci.pl/wp-content/uploads/2022/04/Hetmańska-128m004.jpg,https://levelnieruchomosci.pl/wp-content/uploads/2022/04/Hetmańska-128m003.jpg,https://levelnieruchomosci.pl/wp-content/uploads/2022/04/Hetmańska-128m001.jpg,https://levelnieruchomosci.pl/wp-content/uploads/2022/04/Hetmańska-128m002.jpg,https://levelnieruchomosci.pl/wp-content/uploads/2022/04/Hetmańska-128m012.jpg,https://levelnieruchomosci.pl/wp-content/uploads/2022/04/Hetmańska-128m011.jpg,https://levelnieruchomosci.pl/wp-content/uploads/2022/04/Hetmańska-128m010.jpg,https://levelnieruchomosci.pl/wp-content/uploads/2022/04/Hetmańska-128m007.jpg,;https://levelnieruchomosci.pl/wp-content/uploads/2022/04/Hetmańska-128m008.jpg;https://levelnieruchomosci.pl/wp-content/uploads/2022/04/Hetmańska-128m008.jpg;"Opis
            
                Do wynajęcia lokal handlowo – usługowy w Elblągu przy ulicy Hetmańskiej o powierzchni 128 m2. Nieruchomość położona na parterze z dużą przeszkloną witryną wzdłuż pasażu handlowego. Lokal z dużym potencjałem. Nieruchomość składa się z sali sprzedaży ok. 80 m2, dwóch pomieszczeń biurowych o powierzchni ok. 14 m2 i 24 m2, pomieszczenia socjalnego oraz toalety o powierzchni ok. 10 m2. Możliwość podziału na dwa mniejsze. Lokal wolny od zaraz. Nieruchomość znajduje się w ciągu innych lokali handlowych. Koszt najmu 2500 zł netto plus opłaty eksploatacyjne. Wszystkie media dostarczane z miasta, w tym ciepła woda oraz ogrzewanie. 
Zapraszamy do oglądania. 
Przedmiotowa oferta cenowa ma charakter informacyjny i nie stanowi oferty handlowej w rozumieniu Art. 66 par.1 Kodeksu Cywilnego.
Opis oferty sporządzony został przez pośrednika na podstawie oględzin oraz informacji pochodzących od właściciela, może podlegać aktualizacji i nie stanowi oferty handlowej w rozumieniu Art. 66 i następnych Kodeksu Cywilnego.";-1;-1;-1;ul. Hetmańska, Elbląg,;-1;-1;-1;-1;-1;-1;-1;-1;-1;-1;-1;-1;-1;-1;-1;-1;-1;-1;-1;-1;-1;-1;Level nieruchomości;-1;2022-05-09 19:56:10.531488
1) Mieszkania;647150;Na sprzedaż;-1;40.0;40.0;https://levelnieruchomosci.pl/properties/apartament-nad-morzem-nr-4-stegna/;12;https://levelnieruchomosci.pl/wp-content/uploads/2022/04/Stegna-AP002.jpg,https://levelnieruchomosci.pl/wp-content/uploads/2022/04/Stegna-AP013.jpg,https://levelnieruchomosci.pl/wp-content/uploads/2022/04/Stegna-AP005.jpg,https://levelnieruchomosci.pl/wp-content/uploads/2022/04/Stegna-AP006.jpg,https://levelnieruchomosci.pl/wp-content/uploads/2022/04/Stegna-AP016.jpg,https://levelnieruchomosci.pl/wp-content/uploads/2022/04/Stegna-AP015.jpg,https://levelnieruchomosci.pl/wp-content/uploads/2022/04/Stegna-AP003.jpg,https://levelnieruchomosci.pl/wp-content/uploads/2022/04/Stegna-AP004.jpg,https://levelnieruchomosci.pl/wp-content/uploads/2022/04/Stegna-AP020.jpg,https://levelnieruchomosci.pl/wp-content/uploads/2022/04/Stegna-AP021.jpg,https://levelnieruchomosci.pl/wp-content/uploads/2022/04/Stegna-AP001.jpg,https://levelnieruchomosci.pl/wp-content/uploads/2022/04/Stegna-rzuty002.jpg,;https://levelnieruchomosci.pl/wp-content/uploads/2022/04/Stegna-AP002.jpg;https://levelnieruchomosci.pl/wp-content/uploads/2022/04/Stegna-AP002.jpg;"Opis
            
                Na sprzedaż jeden z dwudziestu trzech gotowych, w pełni wyposażonych i funkcjonalnych apartamentów w Stegnie o powierzchni 40,81 m2. Nieruchomość składa się z pokoju dziennego z aneksem kuchennym, dwóch sypialni, łazienki oraz przedpokoju. Apartament znajduje się na parterze w dwupiętrowym, nowoczesnym budynku. Z salonu wyjście na duży taras o powierzchni 8m2. Nieruchomość w pełni umeblowana oraz wyposażona we wszystkie sprzęty RTV i AGD. Dodatkowo płatne miejsce parkingowe w hali garażowej w kwocie 35 000 zł lub przed budynkiem w cenie 20 000 zł. Teren ogrodzony, otoczony lasem. Przed budynkiem znajduje się plac zabaw, siłownia oraz boisko. Dodatkowo drugi plac zabaw w wewnątrz budynku. Nieruchomość idealnie nadaje się pod inwestycję przez cały rok lub na własne potrzeby. Stegna to znane miejsce do wypoczynku w odległości zaledwie 37 km od Elbląga oraz 34 od Gdańska. W sprzedaży posiadamy również inne apartamenty w przedziale od 30 m2 do 57 m2. Możliwość odliczenia podatku VAT. Budynek zarządzany przez administratora z możliwością pełnej obsługi najmu.
Zapraszamy do oglądania. 
Bez prowizji od kupujących !!!
Przedmiotowa oferta cenowa ma charakter informacyjny i nie stanowi oferty handlowej w rozumieniu Art. 66 par.1 Kodeksu Cywilnego.
Opis oferty sporządzony został przez pośrednika na podstawie oględzin oraz informacji pochodzących od właściciela, może podlegać aktualizacji i nie stanowi oferty handlowej w rozumieniu Art. 66 i następnych Kodeksu Cywilnego.";-1;3;-1;ul. Grunwaldzka, Stegna,;15.0;-1;-1;-1;-1;-1;-1;-1;-1;-1;1;-1;-1;-1;-1;-1;-1;-1;-1;-1;-1;-1;Level nieruchomości;-1;2022-05-09 19:56:10.531488
1) Mieszkania;310311;Na sprzedaż;-1;38.0;38.0;https://levelnieruchomosci.pl/properties/willa-kosciuszki-apartament-nr-8/;4;https://levelnieruchomosci.pl/wp-content/uploads/2022/04/Willa-k001.jpg,https://levelnieruchomosci.pl/wp-content/uploads/2022/04/projekt-baner-1.jpg,https://levelnieruchomosci.pl/wp-content/uploads/2022/04/Willa-k002.jpg,https://levelnieruchomosci.pl/wp-content/uploads/2022/04/rzut-kos002.jpg,;https://levelnieruchomosci.pl/wp-content/uploads/2022/04/Willa-k001.jpg;https://levelnieruchomosci.pl/wp-content/uploads/2022/04/Willa-k001.jpg;"Opis
            
                LEVEL Nieruchomości oficjalnie rusza ze sprzedażą apartamentów w nowo powstającej inwestycji w Elblągu. Willa Kościuszki to kameralny budynek w którym będzie znajdować się dziewięć mieszkań o powierzchni od 38,31 m2 do 54,51 m2 z indywidualnym miejscem parkingowym do każdego z apartamentów. Prezentowany lokal mieszkalny numer 8 znajduje się na drugim piętrze i składa się z salonu z aneksem kuchennym, sypialni, łazienki, przedpokoju oraz balkonu. Więcej szczegółów, karty lokali, oraz opis inwestycji znajdziecie na specjalnie dedykowanej stronie www.kościuszkielbląg.pl
 
Przedmiotowa oferta cenowa ma charakter informacyjny i nie stanowi oferty handlowej w rozumieniu Art. 66 par.1 Kodeksu Cywilnego.";-1;2;-1;ul. Kościuszki, Elbląg,;8.0;-1;-1;-1;-1;-1;-1;-1;-1;-1;1;-1;-1;-1;-1;-1;-1;-1;-1;-1;-1;-1;Level nieruchomości;-1;2022-05-09 19:56:10.531488
1) Mieszkania;344000;Na sprzedaż;-1;64.0;64.0;https://levelnieruchomosci.pl/properties/przestronne-mieszkanie-trzypokojowe/;21;https://levelnieruchomosci.pl/wp-content/uploads/2022/04/Lotnicza-książki002.jpg,https://levelnieruchomosci.pl/wp-content/uploads/2022/04/Lotnicza-książki023.jpg,https://levelnieruchomosci.pl/wp-content/uploads/2022/04/Lotnicza-książki021.jpg,https://levelnieruchomosci.pl/wp-content/uploads/2022/04/Lotnicza-książki022.jpg,https://levelnieruchomosci.pl/wp-content/uploads/2022/04/Lotnicza-książki001.jpg,https://levelnieruchomosci.pl/wp-content/uploads/2022/04/Lotnicza-książki024.jpg,https://levelnieruchomosci.pl/wp-content/uploads/2022/04/Lotnicza-książki005.jpg,https://levelnieruchomosci.pl/wp-content/uploads/2022/04/Lotnicza-książki013.jpg,https://levelnieruchomosci.pl/wp-content/uploads/2022/04/Lotnicza-książki015.jpg,https://levelnieruchomosci.pl/wp-content/uploads/2022/04/Lotnicza-książki011.jpg,https://levelnieruchomosci.pl/wp-content/uploads/2022/04/Lotnicza-książki012.jpg,https://levelnieruchomosci.pl/wp-content/uploads/2022/04/Lotnicza-książki004.jpg,https://levelnieruchomosci.pl/wp-content/uploads/2022/04/Lotnicza-książki016.jpg,https://levelnieruchomosci.pl/wp-content/uploads/2022/04/Lotnicza-książki017.jpg,https://levelnieruchomosci.pl/wp-content/uploads/2022/04/Lotnicza-książki018.jpg,https://levelnieruchomosci.pl/wp-content/uploads/2022/04/Lotnicza-książki006.jpg,https://levelnieruchomosci.pl/wp-content/uploads/2022/04/Lotnicza-książki020.jpg,https://levelnieruchomosci.pl/wp-content/uploads/2022/04/Lotnicza-książki019.jpg,https://levelnieruchomosci.pl/wp-content/uploads/2022/04/Lotnicza-książki008.jpg,https://levelnieruchomosci.pl/wp-content/uploads/2022/04/Lotnicza-książki010.jpg,https://levelnieruchomosci.pl/wp-content/uploads/2022/04/Lotnicza-książki009.jpg,;https://levelnieruchomosci.pl/wp-content/uploads/2022/04/Lotnicza-książki002.jpg;https://levelnieruchomosci.pl/wp-content/uploads/2022/04/Lotnicza-książki002.jpg;"Opis
            
                Na sprzedaż duże mieszkanie trzypokojowe w Elblągu o powierzchni 64,4 m2 przy ulicy Lotniczej. Nieruchomość składa się z salonu z dużą loggią o długości 5,6 m2, dwóch sypialni, kuchni z oknem, łazienki, toalety oraz przedpokoju. Mieszkanie znajduje się na czwartym piętrze w sześciopiętrowym budynku z windą. Nieruchomość bardzo widna, z wystawą okienną z dwóch stron świata (północ – południe). Mieszkanie umeblowane oraz wolne od zaraz. Wszystkie media dostarczane z miasta, w tym ciepła woda oraz ogrzewanie. Czynsz w podstawie w kwocie 550 zł. Do mieszkania przynależy przestronne pomieszczenie piwniczne o powierzchni 5,4 m2. Przed budynkiem znajdują się liczne miejsca parkingowe, sklepy, paczkomat, boisko piłkarskie oraz tereny zielone. W niedalekiej odległości znajduje się dworzec PKP, PKS, McDonald’s, przystanki komunikacji miejskiej (tramwaj, autobus), szkoła oraz plac zabaw.
Zapraszamy do oglądania. 
Bez prowizji od kupujących !!!
Przedmiotowa oferta cenowa ma charakter informacyjny i nie stanowi oferty handlowej w rozumieniu Art. 66 par.1 Kodeksu Cywilnego.
Opis oferty sporządzony został przez pośrednika na podstawie oględzin oraz informacji pochodzących od właściciela, może podlegać aktualizacji i nie stanowi oferty handlowej w rozumieniu Art. 66 i następnych Kodeksu Cywilnego.";-1;3;-1;ul. Lotnicza, Elbląg,;5.0;-1;-1;-1;-1;-1;-1;-1;-1;-1;1;-1;-1;-1;-1;-1;-1;-1;-1;-1;-1;-1;Level nieruchomości;-1;2022-05-09 19:56:10.531488
1) Mieszkania;339000;Na sprzedaż;-1;62.0;62.0;https://levelnieruchomosci.pl/properties/gustowne-mieszkanie-trzypokojowe/;15;https://levelnieruchomosci.pl/wp-content/uploads/2022/04/Kościuszki-23m003.jpg,https://levelnieruchomosci.pl/wp-content/uploads/2022/04/Kościuszki-23m006.jpg,https://levelnieruchomosci.pl/wp-content/uploads/2022/04/Kościuszki-23m005.jpg,https://levelnieruchomosci.pl/wp-content/uploads/2022/04/Kościuszki-23m002.jpg,https://levelnieruchomosci.pl/wp-content/uploads/2022/04/Kościuszki-23m016.jpg,https://levelnieruchomosci.pl/wp-content/uploads/2022/04/Kościuszki-23m018.jpg,https://levelnieruchomosci.pl/wp-content/uploads/2022/04/Kościuszki-23m010.jpg,https://levelnieruchomosci.pl/wp-content/uploads/2022/04/Kościuszki-23m011.jpg,https://levelnieruchomosci.pl/wp-content/uploads/2022/04/Kościuszki-23m012.jpg,https://levelnieruchomosci.pl/wp-content/uploads/2022/04/Kościuszki-23m014.jpg,https://levelnieruchomosci.pl/wp-content/uploads/2022/04/Kościuszki-23m015.jpg,https://levelnieruchomosci.pl/wp-content/uploads/2022/04/Kościuszki-23m019.jpg,https://levelnieruchomosci.pl/wp-content/uploads/2022/04/Kościuszki-23m022.jpg,https://levelnieruchomosci.pl/wp-content/uploads/2022/04/Kościuszki-23m007.jpg,https://levelnieruchomosci.pl/wp-content/uploads/2022/04/Kościuszki-23m008.jpg,;https://levelnieruchomosci.pl/wp-content/uploads/2022/04/Kościuszki-23m003.jpg;https://levelnieruchomosci.pl/wp-content/uploads/2022/04/Kościuszki-23m003.jpg;"Opis
            
                Na sprzedaż gustownie urządzone mieszkanie trzypokojowe z garderobą w Elblągu przy ulicy Kościuszki o powierzchni 62 m2 (po podłodze ponad 70 m2). Nieruchomość znajduje się na drugim, ostatnim piętrze odnowionej oraz ocieplonej kamienicy. Mieszkanie składa się z salonu, dwóch sypialni, osobnej widnej kuchni, garderoby, dużej łazienki z oknem oraz przedpokoju. Nieruchomość bardzo widna z wystawą okienną z trzech stron budynku (północ – południe – zachód). Mieszkanie gotowe do wprowadzenia, bez nakładów finansowych. Ogrzewanie dostarczane z miasta, ciepła woda na piecyk gazowy. Czynsz w kwocie 630 zł przy dwóch osobach. Do mieszkania przynależy pomieszczenie piwniczne o powierzchni 8,99 m2 . Parking z bramą wjazdową tylko dla mieszkańców. W niedalekiej odległości znajduje się szkoła, orlik, sklepy, komunikacja miejska (tramwaj, autobus), park oraz hala sportowa.
Zapraszamy do oglądania. 
Bez prowizji od kupujących !!!
Przedmiotowa oferta cenowa ma charakter informacyjny i nie stanowi oferty handlowej w rozumieniu Art. 66 par.1 Kodeksu Cywilnego.
Opis oferty sporządzony został przez pośrednika na podstawie oględzin oraz informacji pochodzących od właściciela, może podlegać aktualizacji i nie stanowi oferty handlowej w rozumieniu Art. 66 i następnych Kodeksu Cywilnego.";-1;3;-1;ul. Kościuszki, Elbląg,;5.0;-1;-1;-1;-1;-1;-1;-1;-1;-1;1;-1;-1;-1;-1;-1;-1;-1;-1;-1;-1;-1;Level nieruchomości;-1;2022-05-09 19:56:10.531488
1) Mieszkania;247000;Na sprzedaż;-1;36.0;36.0;https://levelnieruchomosci.pl/properties/dwupokojowe-mieszkanie-do-wprowadzenia/;10;https://levelnieruchomosci.pl/wp-content/uploads/2022/04/Malborska-os006.jpg,https://levelnieruchomosci.pl/wp-content/uploads/2022/04/Malborska-os007.jpg,https://levelnieruchomosci.pl/wp-content/uploads/2022/04/Malborska-os002.jpg,https://levelnieruchomosci.pl/wp-content/uploads/2022/04/Malborska-os003.jpg,https://levelnieruchomosci.pl/wp-content/uploads/2022/04/Malborska-os005.jpg,https://levelnieruchomosci.pl/wp-content/uploads/2022/04/Malborska-os004.jpg,https://levelnieruchomosci.pl/wp-content/uploads/2022/04/Malborska-os010.jpg,https://levelnieruchomosci.pl/wp-content/uploads/2022/04/Malborska-os008.jpg,https://levelnieruchomosci.pl/wp-content/uploads/2022/04/Malborska-os009.jpg,https://levelnieruchomosci.pl/wp-content/uploads/2022/04/Malborska-os001.jpg,;https://levelnieruchomosci.pl/wp-content/uploads/2022/04/Malborska-os006.jpg;https://levelnieruchomosci.pl/wp-content/uploads/2022/04/Malborska-os006.jpg;"Opis
            
                Na sprzedaż gotowe mieszkanie dwupokojowe w Elblągu przy ulicy Malborskiej o powierzchni 36,87 m2. Nieruchomość położona na drugim piętrze ocieplonej i odnowionej kamienicy. Mieszkanie składa się z dwóch pokoi, osobnej widnej kuchni, łazienki oraz przedpokoju. Nieruchomość wyremontowana oraz gotowa do wprowadzenia bez jakichkolwiek nakładów finansowych. Mieszkanie bardzo widne z wystawą okienną od wschodu i zachodu. Idealne mieszkanie na start, pod inwestycję lub dla osób starszych. Czynsz w kwocie zaledwie 340 zł. Obecnie ogrzewanie oraz ciepła woda podgrzewane piecykiem gazowym, podłączenie do ogrzewania miejskiego w trakcie realizacji. Do mieszkania przynależy duże pomieszczenie piwniczne o powierzchni 9,9 m2. Przed budynkiem znajdują się miejsca parkingowe, apteka, uczelnia wyższa oraz sklepy. 
Zapraszamy do oglądania. 
Bez prowizji od kupujących !!!
Przedmiotowa oferta cenowa ma charakter informacyjny i nie stanowi oferty handlowej w rozumieniu Art. 66 par.1 Kodeksu Cywilnego.
Opis oferty sporządzony został przez pośrednika na podstawie oględzin oraz informacji pochodzących od właściciela, może podlegać aktualizacji i nie stanowi oferty handlowej w rozumieniu Art. 66 i następnych Kodeksu Cywilnego.";-1;2;-1;ul. Malborska, Elbląg,;6.0;-1;-1;-1;-1;-1;-1;-1;-1;-1;1;-1;-1;-1;-1;-1;-1;-1;-1;-1;-1;-1;Level nieruchomości;-1;2022-05-09 19:56:10.531488
1) Mieszkania;280000;Na sprzedaż;-1;56.0;56.0;https://levelnieruchomosci.pl/properties/dwupokojowe-mieszkanie-z-garazem/;15;https://levelnieruchomosci.pl/wp-content/uploads/2022/04/Swierkowa-OP001.jpg,https://levelnieruchomosci.pl/wp-content/uploads/2022/04/Swierkowa-OP015.jpg,https://levelnieruchomosci.pl/wp-content/uploads/2022/04/Swierkowa-OP007.jpg,https://levelnieruchomosci.pl/wp-content/uploads/2022/04/Swierkowa-OP008.jpg,https://levelnieruchomosci.pl/wp-content/uploads/2022/04/Swierkowa-OP009.jpg,https://levelnieruchomosci.pl/wp-content/uploads/2022/04/Swierkowa-OP010.jpg,https://levelnieruchomosci.pl/wp-content/uploads/2022/04/Swierkowa-OP011.jpg,https://levelnieruchomosci.pl/wp-content/uploads/2022/04/Swierkowa-OP012.jpg,https://levelnieruchomosci.pl/wp-content/uploads/2022/04/Swierkowa-OP013.jpg,https://levelnieruchomosci.pl/wp-content/uploads/2022/04/Swierkowa-OP014.jpg,https://levelnieruchomosci.pl/wp-content/uploads/2022/04/Swierkowa-OP003.jpg,https://levelnieruchomosci.pl/wp-content/uploads/2022/04/Swierkowa-OP004.jpg,https://levelnieruchomosci.pl/wp-content/uploads/2022/04/Swierkowa-OP005.jpg,https://levelnieruchomosci.pl/wp-content/uploads/2022/04/Swierkowa-OP006.jpg,https://levelnieruchomosci.pl/wp-content/uploads/2022/04/Swierkowa-OP002.jpg,;https://levelnieruchomosci.pl/wp-content/uploads/2022/04/Swierkowa-OP001.jpg;https://levelnieruchomosci.pl/wp-content/uploads/2022/04/Swierkowa-OP001.jpg;"Opis
            
                Na sprzedaż mieszkanie dwupokojowe z garażem w Elblągu przy ulicy Świerkowej o powierzchni 56,4 m2. Nieruchomość znajduje się na pierwszym piętrze w ocieplonej oraz odnowionej kamienicy. Mieszkanie składa się z salonu, który obecnie jest podzielony na dwa pokoje, sypialni, widnej kuchni, łazienki z oknem oraz przedpokoju. Nieruchomość do remontu oraz własnej aranżacji. Mieszkanie bardzo widne z wystawą okienną od wschodu i zachodu. Do nieruchomości przynależy garaż przed budynkiem o powierzchni 16 m2. Ciepła woda oraz ogrzewanie z dwufukcyjnego piecyka gazowego. Czynsz do zarządcy w kwocie 320 zł. Do mieszkania przynależy duże pomieszczeni piwniczne o powierzchni 28,8 m2. Nieruchomość zlokalizowana w cichej, spokojnej części miasta blisko Parku Kajki. W niedalekiej odległości znajdują się szkoły, duży plac zabaw, komunikacja miejska oraz Centrum Rekreacji Wodnej Dolinka. 
Zapraszamy do oglądania. 
Bez prowizji od kupujących !!!
Przedmiotowa oferta cenowa ma charakter informacyjny i nie stanowi oferty handlowej w rozumieniu Art. 66 par.1 Kodeksu Cywilnego.
Opis oferty sporządzony został przez pośrednika na podstawie oględzin oraz informacji pochodzących od właściciela, może podlegać aktualizacji i nie stanowi oferty handlowej w rozumieniu Art. 66 i następnych Kodeksu Cywilnego.";-1;2;-1;ul. Świerkowa, Elbląg,;4.0;-1;-1;-1;-1;-1;-1;-1;-1;-1;1;-1;-1;-1;-1;-1;-1;-1;-1;-1;-1;-1;Level nieruchomości;-1;2022-05-09 19:56:10.531488
1) Mieszkania;430000;Na sprzedaż;-1;57.0;57.0;https://levelnieruchomosci.pl/properties/trzypokojowe-mieszkanie-na-parterze-z-balkonem/;20;https://levelnieruchomosci.pl/wp-content/uploads/2022/04/Legionow-parter011.jpg,https://levelnieruchomosci.pl/wp-content/uploads/2022/04/Legionow-parter014.jpg,https://levelnieruchomosci.pl/wp-content/uploads/2022/04/Legionow-parter016.jpg,https://levelnieruchomosci.pl/wp-content/uploads/2022/04/Legionow-parter018.jpg,https://levelnieruchomosci.pl/wp-content/uploads/2022/04/Legionow-parter019.jpg,https://levelnieruchomosci.pl/wp-content/uploads/2022/04/Legionow-parter017.jpg,https://levelnieruchomosci.pl/wp-content/uploads/2022/04/Legionow-parter020.jpg,https://levelnieruchomosci.pl/wp-content/uploads/2022/04/Legionow-parter007.jpg,https://levelnieruchomosci.pl/wp-content/uploads/2022/04/Legionow-parter008.jpg,https://levelnieruchomosci.pl/wp-content/uploads/2022/04/Legionow-parter012.jpg,https://levelnieruchomosci.pl/wp-content/uploads/2022/04/Legionow-parter013.jpg,https://levelnieruchomosci.pl/wp-content/uploads/2022/04/Legionow-parter005.jpg,https://levelnieruchomosci.pl/wp-content/uploads/2022/04/Legionow-parter006.jpg,https://levelnieruchomosci.pl/wp-content/uploads/2022/04/Legionow-parter009.jpg,https://levelnieruchomosci.pl/wp-content/uploads/2022/04/Legionow-parter010.jpg,https://levelnieruchomosci.pl/wp-content/uploads/2022/04/Legionow-parter021.jpg,https://levelnieruchomosci.pl/wp-content/uploads/2022/04/Legionow-parter001.jpg,https://levelnieruchomosci.pl/wp-content/uploads/2022/04/Legionow-parter002.jpg,https://levelnieruchomosci.pl/wp-content/uploads/2022/04/Legionow-parter003.jpg,https://levelnieruchomosci.pl/wp-content/uploads/2022/04/Legionow-parter004.jpg,;https://levelnieruchomosci.pl/wp-content/uploads/2022/04/Legionow-parter011.jpg;https://levelnieruchomosci.pl/wp-content/uploads/2022/04/Legionow-parter011.jpg;"Opis
            
                Na sprzedaż mieszkanie trzypokojowe na parterze w cichej, zielonej części miasta, o powierzchni 57,7 m2, przy ulicy Legionów. Nieruchomość składa się z salonu z dużym balkonem, dwóch sypialnia, kuchni z oknem, łazienki, toalety oraz przedpokoju. Mieszkanie bardzo widne, z wystawą okienną z dwóch stron budynku. Wszystkie media dostarczane z miasta, w tym ciepła woda oraz ogrzewanie. Nieruchomość nie wymaga jakichkolwiek nakładów finansowych. Do mieszkania przynależy pomieszczenie piwniczne o powierzchni 5,84 m2. Czynsz w podstawie w kwocie 542 zł. Przed budynkiem znajduje się plac zabaw, poczta, oraz liczne miejsca parkingowe. W niedalekiej odległości przystanki komunikacji miejskiej (tramwaj, autobus), szkoła, sklepy oraz ogródki działkowe ROD. 
Zapraszamy do oglądania. 
Bez prowizji od kupujących !!!
Przedmiotowa oferta cenowa ma charakter informacyjny i nie stanowi oferty handlowej w rozumieniu Art. 66 par.1 Kodeksu Cywilnego.
Opis oferty sporządzony został przez pośrednika na podstawie oględzin oraz informacji pochodzących od właściciela, może podlegać aktualizacji i nie stanowi oferty handlowej w rozumieniu Art. 66 i następnych Kodeksu Cywilnego.";-1;3;-1;ul. Legionów, Elbląg,;7.0;-1;-1;-1;-1;-1;-1;-1;-1;-1;1;-1;-1;-1;-1;-1;-1;-1;-1;-1;-1;-1;Level nieruchomości;-1;2022-05-09 19:56:10.531488
4) Lokale użytkowe;3999;Na wynajem;-1;78.0;78.0;https://levelnieruchomosci.pl/properties/lokal-w-centrum-z-duza-witryna-2/;11;https://levelnieruchomosci.pl/wp-content/uploads/2022/04/Lokal-Brzozowar001.jpg,https://levelnieruchomosci.pl/wp-content/uploads/2022/04/Lokal-Brzozowar020.jpg,https://levelnieruchomosci.pl/wp-content/uploads/2022/04/Lokal-Brzozowar003.jpg,https://levelnieruchomosci.pl/wp-content/uploads/2022/04/Lokal-Brzozowar006.jpg,https://levelnieruchomosci.pl/wp-content/uploads/2022/04/Lokal-Brzozowar008.jpg,https://levelnieruchomosci.pl/wp-content/uploads/2022/04/Lokal-Brzozowar010.jpg,https://levelnieruchomosci.pl/wp-content/uploads/2022/04/Lokal-Brzozowar012.jpg,https://levelnieruchomosci.pl/wp-content/uploads/2022/04/Lokal-Brzozowar015.jpg,https://levelnieruchomosci.pl/wp-content/uploads/2022/04/Lokal-Brzozowar017.jpg,https://levelnieruchomosci.pl/wp-content/uploads/2022/04/Lokal-Brzozowar019.jpg,https://levelnieruchomosci.pl/wp-content/uploads/2022/04/Lokal-Brzozowar002.jpg,;https://levelnieruchomosci.pl/wp-content/uploads/2022/04/Lokal-Brzozowar001.jpg;https://levelnieruchomosci.pl/wp-content/uploads/2022/04/Lokal-Brzozowar001.jpg;"Opis
            
                Do wynajęcia lokal handlowo – usługowy w centrum miasta o powierzchni 78,5 m2 przy ulicy Brzozowej. Nieruchomość znajduje się na parterze z przeszkloną witryną wzdłuż całego lokalu. Budynek znajduje się w dobrej lokalizacji miasta, w sąsiedztwie innych lokali handlowych. Pomieszczenia klimatyzowane, wszystkie media dostarczane z miasta, w tym ogrzewanie. Budynek zlokalizowany między dwoma głównymi ulicami miasta Płk. Dąbka oraz Robotniczej. Koszt najmu 3999 zł plus opłaty za media. Wymagana kaucja zwrotna.
Zapraszamy do oglądania. 
Przedmiotowa oferta cenowa ma charakter informacyjny i nie stanowi oferty handlowej w rozumieniu Art. 66 par.1 Kodeksu Cywilnego.
Opis oferty sporządzony został przez pośrednika na podstawie oględzin oraz informacji pochodzących od właściciela, może podlegać aktualizacji i nie stanowi oferty handlowej w rozumieniu Art. 66 i następnych Kodeksu Cywilnego.";-1;-1;-1;ul. Brzozowa, Elbląg,;-1;-1;-1;-1;-1;-1;-1;-1;-1;-1;-1;-1;-1;-1;-1;-1;-1;-1;-1;-1;-1;-1;Level nieruchomości;-1;2022-05-09 19:56:10.531488
4) Lokale użytkowe;2000;Na wynajem;-1;100.0;100.0;https://levelnieruchomosci.pl/properties/hala-w-miescie/;5;https://levelnieruchomosci.pl/wp-content/uploads/2022/04/Lokal-nie-wiemr003.jpg,https://levelnieruchomosci.pl/wp-content/uploads/2022/04/Lokal-nie-wiemr006.jpg,https://levelnieruchomosci.pl/wp-content/uploads/2022/04/Lokal-nie-wiemr001.jpg,https://levelnieruchomosci.pl/wp-content/uploads/2022/04/Lokal-nie-wiemr010.jpg,https://levelnieruchomosci.pl/wp-content/uploads/2022/04/Lokal-nie-wiemr007.jpg,;https://levelnieruchomosci.pl/wp-content/uploads/2022/04/Lokal-nie-wiemr003.jpg;https://levelnieruchomosci.pl/wp-content/uploads/2022/04/Lokal-nie-wiemr003.jpg;"Opis
            
                Do wynajęcia hala w Elblągu o powierzchni 100 m2 przy ulicy Dębowej. Nieruchomość z dużą bramą wjazdową, pomieszczeniem biurowym, socjalnym oraz toaletą. Przed budynkiem liczne miejsca parkingowe. Koszt najmu 2000 zł netto plus opłaty według liczników. Dogodny dojazd z drogi głównej oraz wylot na drogę S7.
Zapraszamy do oglądania. 
Przedmiotowa oferta cenowa ma charakter informacyjny i nie stanowi oferty handlowej w rozumieniu Art. 66 par.1 Kodeksu Cywilnego.
Opis oferty sporządzony został przez pośrednika na podstawie oględzin oraz informacji pochodzących od właściciela, może podlegać aktualizacji i nie stanowi oferty handlowej w rozumieniu Art. 66 i następnych Kodeksu Cywilnego.";-1;-1;-1;ul. Dębowa, Elbląg,;-1;-1;-1;-1;-1;-1;-1;-1;-1;-1;-1;-1;-1;-1;-1;-1;-1;-1;-1;-1;-1;-1;Level nieruchomości;-1;2022-05-09 19:56:10.531488
