Działka na sprzedaż;185 000 zł;-1;-1;-1;1 019 m2;https://investor.net.pl/dzialka-sprzedaz-1019m2-185000pln-polna-skrzeszew-mazowieckie,2623/9376/OGS;-1;-1;https://investor.net.pl/imgtmpv2/868/158/32/9be42920v1_7106b00bd073ba6447046620010433c0.jpg;-1;"
                                    Oferujemy do sprzedaży działkę pod Warszawą w miejscowości Skrzeszew.

Powierzchnia działki to 1019 m2, działka o nieregularnym kształcie, nieogrodzona.

Według miejscowego planu zagospodarowania przestrzennego jest to teren zabudowy mieszkaniowej jednorodzinnej (38MN). W odległości około 1500m znajduje się szkoła podstawowa oraz przystanek linii L11.
Dojazd do działki drogą gminną publiczną utwardzoną. 
Prąd w drodze.

Szczegóły oferty INVESTOR NIERUCHOMOŚCI Legionowo Joanna Klocek tel. 501 100 666                                ";-1;-1;-1;Skrzeszew, ul. Polna;181,55 zł;-1;-1;-1;-1;-1;-1;-1;-1;-1;-1;-1;-1;-1;2623/9376/OGS;-1;-1;-1;-1;-1;501 100 666;-1;investor;-1;2022-05-07 13:07:08.133743
Dom na sprzedaż;2 400 000 zł;-1;-1;565 m2;13 900 m2;https://investor.net.pl/dom-sprzedaz-565m2-2400000pln-grajow-malopolskie,3082/9376/ODS;-1;-1;https://investor.net.pl/imgtmpv2/868/156/99/d52a0423v1_237f05e051b3375710efdb82d191230a.jpg;-1;"
                                    Do sprzedaży nieruchomość zlokalizowana w miejscowości Grajów, gmina Wieliczka, województwo małopolskie.
Położenie nieruchomości odznacza się urozmaiconą rzeźbą terenu Pogórza Wielickiego, porośniętą lasami, wzniesioną na wysokość 350-400 m n.p.m. (ok. 190 m wyżej od Rynku Głównego w Krakowie). Usytuowanie to powoduje doskonały mikroklimat górski, czystość środowiska, a równocześnie bliskość dużego i pięknego miasta. 
Z Pogórza Wielickiego rozpościerają się rozległe panoramy Beskidu Wyspowego, Gorców oraz Beskidu Małego, a nawet – przy sprzyjających warunkach – Tatr. 
Przez wieś przechodzą szlaki turystyczne piesze i rowerowe.
W skład sprzedawanej nieruchomości wchodzą działki ewidencyjne nr: 205/2 o pow. 1,02 ha; 206/1 o pow. 0,27 ha; 206/2 o pow. 0,13 ha; 206/3 o pow. 0,12 ha; 206/4 o pow. 0,12 ha; 206/5 o pow. 0,13 ha; 207/1 o pow. 0,10 ha; 207/2 o pow. 0,11 ha; 207/3 o pow. 0,11 ha; 207/4 o pow. 0,11 ha; 207/5 o pow. 0,04 ha.
Powierzchnia całego terenu wraz z budynkiem stanowi obszar 2,27 ha.
Budynek mieszkalny dwukondygnacyjny z poddaszem, w stylu staropolskiego dworu z centralnie usytuowanym gankiem z kolumnami, częściowo podpiwniczony z garażem, wybudowany w 1992 r. Ściany ceramicznobetonowe, stropy żelbetowe i drewniane. Więźba dachowa drewniana, pokrycie dachu z blachy aluminiowej, malowanej. Stolarka okienna, skrzynkowa i drzwiowa drewniana. Podłogi z litego drewna – parkiety, deski modrzewiowe oraz ceramiczne. Remont domu przeprowadzono w 2012 r.
Pomieszczenia usytuowane względem osiowo położonego holu z drewnianymi schodami prowadzącymi na piętro oraz do piwnicy. Dodatkowo w holu znajduję się garderoba i toaleta. 
Po zachodniej stronie salon kominkowy z jadalnią i wyjściem na taras oraz z kuchnią i spiżarnią. 
Po wschodniej stronie niezależny apartament z przedpokojem, salonem kominkowym z wyjściem na taras oraz kuchnią, sypialnią i łazienką. 
Na piętrze hol z balkonem i gabinetem. Po zachodniej stronie korytarz z trzema pokojami, kuchnią i łazienką. Po wschodniej stronie
korytarz z dwoma pokojami (możliwość wydzielenia dodatkowego trzeciego pokoju), łazienką i garderobą.
W piwnicy kotłownia, kuchnia, toaleta, pom. przeznaczone na saunę, pralnia, siłownia, pom. gospodarcze oraz garaż na samochód, rowery i sprzęt ogrodniczy.
Teren wokół budynku stanowi ok. 2 ha parku wraz z terenem pod kort tenisowy i stawem z rybami. W zboczu wzgórza, dyskretnie wkomponowana jest piwnica ziemna na owoce, warzywa i wino oraz garaż na dwa samochody. W parku znajdują się kilkudziesięcioletnie drzewa i krzewy liściaste i iglaste, w tym ponad 500 gatunków roślin m.in.: kasztanowce, lipy, dęby, platany, graby, wiązy, jesiony, sosny, jodły, świerki, wierzby, metasekwoja, magnolie, miliny, lonicery, berberysy czy irgi. 
Wjazd na posesję z od strony zachodniej z asfaltowej drogi gminnej. Całość nieruchomości ogrodzona siatką na słupkach stalowych z kutą bramą wjazdową. Wjazd na nieruchomość Od zachodu droga asfaltowa. Od strony południowej duży kompleks lasów Pogórza Wielicko-Rożnowskiego. Do zalewu Dobczyckiego i Raby – 8 km.
Powierzchnia użytkowa domu 410 m2 + 50 m2 (poddasze).
Media:
- energia elektryczna, 3x400V
- gaz ziemny w budynku,
- woda z wodociągu gminnego, dodatkowo dwie studnie na terenie posesji,
- kanalizacja (szambo), 
- centralne ogrzewanie wodne, grzejnikowe, piec na paliwo stałe, kominki.
W Miejscowym Planie Zagospodarowania Przestrzennego gminy Wieliczka (Obszar C, od dnia 10 grudnia 2016 r., Uchwała Nr XXVI/314/2016; symbol 98MN) – teren zabudowy mieszkaniowej jednorodzinnej.
Cena nieruchomości:
Wariant I - teren o pow. 1,39 ha z domem - 2.400.000 zł
Wariant II - teren o pow. 2,27 ha z domem - 3.200.000 zł

Szczegóły oferty: INVESTOR NIERUCHOMOŚCI Tarnów ul. Mościckiego 57 - Grzegorz Konopski (licencja zawodowa PFRN nr 23998), tel. 739 215 545, 531 513 412 lub 14 627 20 74.                                ";Wtórny;-1;-1;Grajów;-1;-1;-1;1992;-1;Tak;-1;-1;-1;-1;-1;-1;-1;-1;3082/9376/ODS;2;-1;-1;Asfaltowa;-1;739 215 545;-1;investor;-1;2022-05-07 13:07:10.267003
Mieszkanie na sprzedaż;323 000 zł;-1;-1;48 m2;-1;https://investor.net.pl/mieszkanie-sprzedaz-48m2-323000pln-krancowa-bronowice-lublin-lubelskie,10325/9376/OMS;-1;-1;https://investor.net.pl/imgtmpv2/868/080/05/4231d850v1_9d13619a7fb44bc2b4832bdba15bbde6.jpg;-1;"
                                    Przedstawiam Państwu ofertę sprzedaży mieszkania na ul. Krańcowej w Lublinie.
Mieszkanie usytuowane jest na trzecim piętrze, rozkładowe, dwustronne, posiada trzy pokoje, łazienkę, toaletę i przedpokój.
Wymaga drobnego remontu. W okolicy szkoła, basen, sklepy, przystanki MPK. Osiedle porośnięte dużymi drzewami zapewniając klimat relaksującej zieleni.


Zapraszam do kontaktu
Smerecki Maciej
691-403-403

BN Investor
Jagiełły 1
Lublin                                ";Wtórny;-1;3;Lublin, Bronowice, ul. Krańcowa;6 729,17 zł;-1;-1;-1;-1;-1;-1;Do drobnego remontu;-1;-1;-1;-1;-1;-1;10325/9376/OMS;4;-1;-1;-1;-1;691 403 403;-1;investor;-1;2022-05-07 13:07:12.191082
Dom na sprzedaż;2 800 000 zł;-1;-1;280 m2;1 340 m2;https://investor.net.pl/dom-sprzedaz-280m2-2800000pln-leznienska-kokoszki-gdansk-pomorskie,3081/9376/ODS;-1;-1;https://investor.net.pl/imgtmpv2/868/091/24/463cf63fv1_ef9d08c327450ec9651db0d5695bb8e5.jpg;-1;"
                                    Szukasz atrakcyjnego domu z basenem, w spokojnej lokalizacji Gdańska - ta nieruchomość skierowana jest właśnie dla Ciebie!

Przedstawiamy na sprzedaż willę z basenem o powierzchni 280 m2, zlokalizowaną w malowniczej części Gdańska, w dzielnicy Kokoszki.

Nieruchomość znajduje się w kameralnej części dzielnicy, która zachwyca nowoczesnością oraz nieprzytłaczającą architekturą mieszkaniową. Okolica złożona w znacznej części z domów jednorodzinnych oraz zieleni drzew i terenów zielonych. Znajduje się tu wszystko, co potrzebne do życia: przychodnia z gabinetami lekarzy specjalistów, szkoła podstawowa, przedszkola, pełne zaplecze handlowo-usługowe oraz bardzo dobra infrastruktura drogowa.

Dom znajduje się w niewielkiej odległości od centrum Gdańska. Nieruchomość jest idealną propozycją dla tych z Państwa, którzy cenią spokój i komfort, a jednocześnie mają w otoczeniu całe Trójmiasto, a także dogodne połączenie z Obwodnicą Trójmiasta oraz Autostradą A1.
Willa umiejscowiona jest na działce o powierzchni 1340 m2, na której znajduje się basen, otoczony jest pięknym, zadbanym ogrodem z dużą ilością zieleni, wyodrębniona jest strefa wypoczynkowa, która daje gwarancję wypoczynku oraz relaksu.

Dom został zaprojektowany na indywidualne zamówienie, wybudowany w 2015 roku, wyposażony w wysokiej jakości materiały wykończeniowe. W bryle budynku znajduje się garaż dwustanowiskowy.

Atutami nieruchomości są:

- basen,
- ogród z automatycznym system podlewania trawnika,
- strefa wypoczynku,
- zabezpieczenie posesji, ogrodzenie metalowe + automatyczna brama,
- ogrzewanie podłogowe oraz kominkowe,
- system podgrzewania basenu (filtry+ pompa),
- instalacja fotowoltaiczna na dachu firmy Solar Edge ( licznik prosumenta) ,
- instalacja alarmowa firmy Satel Integra z kamerami oraz opcją rozbudowy o kolejne moduły, zdalnie sterowana.
- studnia głębinowa wykorzystywana również do napełniania wody w basenie.

Układ pomieszczeń:

PARTER:
- salon z kominkiem, oraz bezpośrednim wyjściem do ogrodu, idealnie doświetlony,
- strefa kuchenna z wyspą- wyposażona w wysokiej jakości sprzęty AGD m.in. 2 lodówki, wbudowany ekspres do kawy, piekarnik, blat z odpornego konglomeratu z płytą grzewczą i zlewem.
- gabinet,
- łazienka,
- WC,
- dwustanowiskowy garaż,
- garderoba
- pomieszczenie na siłownię,
- pomieszczenie gospodarcze z wyjściem do ogrodu,
- kotłownia.

PIĘTRO:
- sypialnia master z prywatną garderobą i łazienką (stan do wykończenia)
- dwie odrębne sypialnie,
- garderoba,
- taras o powierzchni 140 m2 z widokiem na ogród i las, z wejściem do każdej sypialni.

Na piętro domu prowadzą schody wykonane ze szkła hartowanego, z nowoczesną szklaną balustradą połączone ze stalą nierdzewną szczotkowaną, podświetlone w technologii LED - nadając konstrukcji lekkości i oryginalności.

Zapraszam na prezentację. Szczegóły oferty: INVESTOR NIERUCHOMOŚCI Gdańsk, al. Jana Pawła II 6E, 80-462 Gdańsk – Mariusz Piskorz, tel. 571 303 750.                                ";Wtórny;-1;-1;Gdańsk, Kokoszki, ul. Leźnieńska;-1;-1;-1;2015;-1;Tak;-1;-1;-1;-1;-1;-1;-1;-1;3081/9376/ODS;1;-1;-1;-1;-1;571 303 750;-1;investor;-1;2022-05-07 13:07:14.547871
Mieszkanie na sprzedaż;274 900 zł;-1;-1;61,69 m2;-1;https://investor.net.pl/mieszkanie-sprzedaz-6169m2-274900pln-sosnowiec-slaskie,10324/9376/OMS;-1;-1;https://investor.net.pl/imgtmpv2/868/066/20/ac14dc36v1_325e964fafd24205adf4ae94eabad517.jpg;-1;"
                                    Przestronne 3 pokoje z balkonem, obok Parku! | Sosnowiec ul. Ostrogórska

ZADZWOŃ: 506 805 872

Pamiętaj, że współpracując z Investor Nieruchomości - biurem nieruchomości działającym na terenie Śląska i Zagłębia, otrzymujesz pełną obsługę.

Pomoc w finansowaniu zakupu: KUPIMY TWOJE dotychczasowe MIESZKANIE LUB DOM ZA GOTÓWKĘ, możliwa ZAMIANA, lub pomożemy w uzyskaniu KORZYSTNEGO KREDYTU (na zakup i remont).

Wesprzemy Cię w uzyskaniu ATRAKCYJNEJ CENY zakupu, a następnie zapewnimy pełną obsługę notarialną wraz z weryfikacją nieruchomości.

INFORMACJE I DANE TECHNICZNE (SW z KW)

Powierzchnia: 61,69 m2

Piwnica: tak

Balkon: tak

Piętro: 7

Czynsz (SM): 570 zł

Opłaty w czynszu: C.O., fundusz remontowy, eksploatacja

Opłaty wg liczników: prąd, woda, gaz

Woda ciepła: piec gazowy

Ogrzewanie: CO miejskie

Dostępne media: prąd , woda, gaz, internet, TV kablowa

Okna: PCV

Parking: ogólnodostępny

Na sprzedaż 3 przestronne pokoje z dużym balkonem, zlokalizowane na popularnym osiedlu przy ul. Ostrogórskiej. Budynek jest w dobrym stanie, posiada zadbaną klatkę schodową oraz zabezpieczenie w postaci domofonu. Do mieszkania przynależy również piwnica.

ŚWIETNY ROZKŁAD, który daje Ci pełną funkcjonalność i wygodę.

(Rzut wszystkich pomieszczeń patrz zdjęcie nr 8) Centralnym punktem mieszkania jest salon z wyjściem na balkon, który z powodzeniem spełnia funkcję miejsca do rodzinnego wypoczynku. Przestronna i dobrze zorganizowana kuchnia sprawi, że pomieścisz w niej wszystkie najważniejsze elementy, dodatkowo zyskując dużo przestrzeni do gotowania i spożywania posiłków. Ustawne dwa pokoje, zaaranżujesz dokładnie tak, jak sobie życzysz urządzając np. sypialnie i pokój dziecięcy. Łazienka posiadająca odpowiednią powierzchnię została wyposażona w wannę. Dodatkowym atutem jest osobne WC, wygodne rozwiązane przy większej ilości domowników. Duży przedpokój, który pomieści zabudowaną szafę to kolejne funkcjonalne pomieszczenie, dzięki któremu z łatwością zorganizujesz wszystkie niezbędne rzeczy.

DOSKONAŁA LOKALIZACJA, z której Ty i Twoja rodzina będziecie zadowoleni.

Mieszkanie jest usytuowane nieopodal Centrum, dzięki czemu zyskujesz szybkie połączenie z całą Aglomeracją. W otoczeniu nieruchomości znajdziesz przystanki autobusowe, sklepy (m.in. Biedronka, Lewiatan, Żabka), przychodnie lekarskie aptekę, restauracje i liczne punkty usługowe. Ty i Twoje dzieci będziecie również zadowoleni z pobliskich szkół, przedszkoli, placu zabaw oraz sąsiadującego z Osiedlem Parku Harcerskiego.

STAN TECHNICZNY, który umożliwia dopasowanie mieszkania do własnych potrzeb.

Nieruchomość, która dzięki układowi pomieszczeń zyskuje na funkcjonalności. Stan pozwala na dowolną aranżację. 

Mieszkanie, które urządzisz tak, jak chcesz a lokalizacja sprawia, że jest to wygodne miejsce do życia dla Ciebie i Twojej rodziny. 

MASZ PYTANIA?

Skontaktuj się z nami tak, jak Ci wygodnie:

Sebastian Orzechowski Tel. 506 805 872
e-mail: sebastian.orzechowski@investor.net.pl                                ";Wtórny;-1;7;Sosnowiec;4 456,15 zł;-1;-1;-1;-1;-1;-1;Do remontu;-1;-1;-1;-1;-1;570 zł;10324/9376/OMS;11;-1;-1;-1;-1;506 805 872;-1;investor;-1;2022-05-07 13:07:16.361364
Mieszkanie na sprzedaż;409 000 zł;-1;-1;57,91 m2;-1;https://investor.net.pl/mieszkanie-sprzedaz-5791m2-409000pln-dziesiata-lublin-lubelskie,10323/9376/OMS;-1;-1;https://investor.net.pl/imgtmpv2/868/042/51/fe5254b5v1_796089dda07a2d3b206ebb87ab76b954.jpg;-1;"
                                    3 ustawne pokoje szukają nowych właścicieli :). 
Mieszkanie jest w super cenie, świetnej lokalizacji, blisko centrum. W pobliżu wszystko, czego potrzeba do wygodnego życia, sklepy, szkoła, przedszkole, plac zabaw oraz parking na ogrodzonym i monitorowanym terenie, trasy rowerowe do Zalewu Zemborzyckiego. 
Nieruchomość znajduje się na 4 piętrze w kameralnym bloku. Jeśli szukasz dobrego mieszkania dla rodziny lub chcesz bezpiecznie zainwestować pieniądze - zadzwoń już dziś!
* strzeżone miejsce parkingowe w cenie mieszkania
* 3 pokoje z możliwością wydzielenia dodatkowego pomieszczenia
* gotowe do zamieszkania
* świeżo po remoncie 
* spokojna okolica
* piwnica

Ogłoszenie dostępne w Biurze Nieruchomości Investor Lublin Felin

Joanna Pawlik 
DORADCA DS. NIERUCHOMOŚCI
kom. +48 515 343 314

joanna.pawlik@investor.net.pl
www.investor.net.pl                                ";Wtórny;-1;4;Lublin, Dziesiąta;7 062,68 zł;-1;-1;-1;-1;-1;-1;Do zamieszkania;-1;-1;-1;-1;-1;560 zł;10323/9376/OMS;4;-1;-1;-1;-1;515 343 314;-1;investor;-1;2022-05-07 13:07:21.720098
Mieszkanie na sprzedaż;496 000 zł;-1;-1;80 m2;-1;https://investor.net.pl/mieszkanie-sprzedaz-80m2-496000pln-lomza-podlaskie,10322/9376/OMS;-1;-1;https://investor.net.pl/imgtmpv2/868/043/66/490105ebv1_c50c0b47f3bdeacdc27f568fcd542855.jpg;-1;"
                                    MIESZKANIE Z WŁASNYM OGRODEM !!!!
Oferuję do sprzedaży bardzo funkcjonale mieszkanie dwu poziomowe w Łomży przy ul. Bursztynowej
Jest idealną alternatywą do mieszkania w bloku, a dodatkowo właściciel otrzymuje ogródek, 2 miejsca parkingowe i wysoki komfort życia.

Nieruchomość znajduje się na NOWOCZESNYM, OGRODZONYM OSIEDLU, które jest spokojną enklawą, a jednak w mieście
z łatwym dostępem do wszystkich usług i komunikacji.
W pobliżu szkoły, sklepy, osiedla, kościół, komunikacja miejska.

Osiedle, to kompleks domków /w zabudowie szeregowej (czworaki), każdy jest dwupoziomowy i z indywidualnym ogródkiem.
Dom posiada dwa miejsca parkingowe, ogrzewanie miejskie, woda i kanalizacja miejska.

Powierzchnia domu - 80 m2
Powierzchnia ogródka - 92 m2
Dwa miejsca parkingowe

PARTER:
- Salon 18,88 m2
- Kuchnia 7,85 m2
- Wiatrołap 3,48 m2
- Kotłownia 3,40 m2
- Toaleta 1,47 m2
- Schowek 1,57 m2
- Schody 1,70 m2

PIĘTRO:
- Sypialnia 11,64 m2
- Pokój 6,69 m2
- Pokój 8,90 m2
- Korytarz 7,13 m2
- Łazienka 5,18 m2
- schody 1,70 m2

Termin oddania domu w stanie deweloperskim - grudzień 2023r.

Zapraszam do kontaktu i obejrzenia realizacji budowy na żywo :)

KUP Z NAMI - KORZYSTNIE, SZYBKO I WYGODNIE!!!
- 0% prowizji od kupującego i żadnych dodatkowych ukrytych kosztów,
- oszczędność czasu i kompleksowe wsparcie,
- gwarantujemy bezpieczny zakup i pomoc w formalnościach

Szczegóły oferty:
Izabela Cymek Tel: 576-300-450
INVESTOR NIERUCHOMOŚCI ŁOMŻA
Ul: Farna 3                                ";Pierwotny;-1;1;Łomża;6 200 zł;-1;-1;2022;-1;-1;-1;Stan deweloperski;-1;-1;-1;-1;-1;-1;10322/9376/OMS;2;-1;-1;-1;-1;576 300 450;-1;investor;-1;2022-05-07 13:07:25.751536
Mieszkanie na sprzedaż;299 900 zł;-1;-1;51,60 m2;-1;https://investor.net.pl/mieszkanie-sprzedaz-516m2-299900pln-rodziny-oswaldow-chorzow-slaskie,10321/9376/OMS;-1;-1;https://investor.net.pl/imgtmpv2/868/039/77/36cd0282v1_c08d41824f31d8f9d878bab83f5274b6.jpg;-1;"
                                    Gotowe do zamieszkania ! Komfortowe 3 pokoje | Chorzów ul. Rodziny Oswaldów

ZADZWOŃ: 515 594 047

Pamiętaj, że współpracując z Investor Nieruchomości - biurem nieruchomości działającym na terenie Śląska i Zagłębia, otrzymujesz pełną obsługę.

Pomoc w finansowaniu zakupu: KUPIMY TWOJE dotychczasowe MIESZKANIE LUB DOM ZA GOTÓWKĘ, możliwa ZAMIANA, lub pomożemy w uzyskaniu KORZYSTNEGO KREDYTU (na zakup i remont)

Wesprzemy Cię w uzyskaniu ATRAKCYJNEJ CENY zakupu, a następnie zapewnimy pełną obsługę notarialną wraz z weryfikacją nieruchomości

INFORMACJE I DANE TECHNICZNE (KW)

Powierzchnia mieszkalna: 51,60 m2

Balkon: tak

Komórka lokatorska: tak

Piętro: 2

Czynsz (WM): 325,67 zł

Opłaty w czynszu: C.O., fundusz remontowy, eksploatacja,

Opłaty wg liczników: prąd, woda, gaz

Woda ciepła: piec gazowy

Ogrzewanie: CO miejskie, łazienka podłogówka 

Dostępne media: prąd , woda, gaz, kanalizacja, internet,

Okna: PCV

Parking: duży, ogólnodostępny

Na sprzedaż komfortowe 3 pokoje, zlokalizowane przy ul. Rodziny Oswaldów. Zielone, zadbane osiedle to wyjątkowe miejsce dla osób ceniących sobie spokój i kameralną atmosferę. Budynek jest po termomodernizacji i jest w bardzo dobrym stanie technicznym. Wyremontowana klatka schodowa została odpowiednio zabezpieczona domofonem. Do mieszkania przynależy również komórka lokatorska.

ŚWIETNY ROZKŁAD, który daje Ci pełną funkcjonalność.

(Rzut wszystkich pomieszczeń patrz zdjęcie nr 10) Centralnym punktem mieszkania jest przestronny salon z wyjściem na balkon/taras, który został połączony z aneksem kuchennym. Drugi ustawny pokój doskonale sprawdzi się jako sypialnia. Dodatkowy pokój z oddzielną garderobą można zaaranżować na pokój dziecięcy lub biuro. Łazienka posiadająca odpowiednią przestrzeń została wyposażona w kabinę prysznicową. Przestronny przedpokój posiada osobne pomieszczenie gospodarcze. Metraż mieszkania został w pełni zagospodarowany, dzięki czemu wszystkie pomieszczenia są funkcjonalne i komfortowe. 

STAN TECHNICZNY, który pozwoli Ci się wprowadzić od razu po zakupie.

Mieszkanie jest w bardzo dobrym stanie technicznym, dzięki któremu zaoszczędzisz na remoncie. Na ścianach są gładzie, sufity są podwieszane a na podłogach położono panele oraz płytki. 

W cenie otrzymujesz wyposażenie :

- kuchni - meble w zabudowie, zmywarka, piekarnik, mikrofalówka, płyta grzewcza, lodówka, okap
- łazienki - kabina prysznicowa, umywalka z szafką, WC, szafka
- salonu - kanapa

DOSKONAŁA LOKALIZACJA, z której wszędzie będziesz mieć blisko!

Nieruchomość zlokalizowana jest w dobrze skomunikowanej dzielnicy Chorzowa (Chorzów drugi). W otoczeniu nieruchomości znajdziesz również przystanki komunikacji miejskiej. Nieopodal znajdują się sklepy, Centrum Handlowe, restauracja oraz liczne punkty usługowe. Sąsiedztwo parku oraz licznych terenów zielonych będzie dodatkowym atutem dla osób ceniących sobie aktywność na świeżym powietrzu.

Nowoczesne mieszkanie, które dzięki funkcjonalności i lokalizacji będzie wygodnym miejscem do życia.

MASZ PYTANIA?

Skontaktuj się tak, jak Ci wygodnie:

Michał Domagała, tel. 515594047
e-mail:michal.domagala@investor.net.pl                                ";Wtórny;-1;2;Chorzów, ul. Rodziny Oswaldów;5 812,02 zł;-1;-1;-1;-1;-1;-1;Idealny;-1;-1;-1;-1;-1;325,67 zł;10321/9376/OMS;2;-1;-1;-1;-1;515 594 047;-1;investor;-1;2022-05-07 13:07:27.195775
Mieszkanie na wynajem;1 700 zł;-1;-1;48 m2;-1;https://investor.net.pl/mieszkanie-wynajem-48m2-1700pln-zwm-opole-opolskie,1579/9376/OMW;-1;-1;https://investor.net.pl/imgtmpv2/868/028/16/2cc95592v1_e8957aa0ef851ec89206140a702e1286.jpg;-1;"
                                    Zapraszam do zapoznania się z ofertą dwupokojowego mieszkania na ul. Fieldorfa. Mieszkanie o powierzchni 48m2 znajduje się na trzecim piętrze i składa się z salonu z wyjściem na balkon, kuchni, sypialni, łazienki z kabiną prysznicową oraz przedpokoju. W salonie znajduje się duża szafa w zabudowie, stolik z krzesłami, kanapa oraz szafka RTV. Kuchnia meble oraz AGD tj. lodówka, kuchenka gazowa, piekarnik oraz dodatkowo mikrofalówka. W przedpokoju szafa w zabudowie z lustrami. Czynsz administracyjny 530zł/2 osoby. Ogrzewanie i ciepła woda z miasta.
Na miejscu dostępne są: sklepy spożywcze, apteka, pizzerie, przychodnia, uczelnia, przystanki mzk, przedszkole, szkoła. 
Wymagana kaucja.

Gorąco polecam i zapraszam na prezentację!!

Szczegóły oferty: INVESTOR NIERUCHOMOŚCI II Oddział w Opolu ul. Sosnkowskiego 6 (Pawilon Skaut) - Magdalena Piekarczyk, tel. 790 486 161 lub 77 453 70 53.                                ";Wtórny;-1;3;Opole, ZWM;-1;-1;-1;-1;-1;-1;-1;Dobry;-1;-1;-1;-1;-1;-1;1579/9376/OMW;8;-1;-1;-1;-1;790 486 161;-1;investor;-1;2022-05-07 13:07:32.089423
Dom na sprzedaż;565 000 zł;-1;-1;120 m2;9 800 m2;https://investor.net.pl/dom-sprzedaz-120m2-565000pln-chmiel-drugi-lubelskie,3079/9376/ODS;-1;-1;https://investor.net.pl/imgtmpv2/868/040/28/41939637v1_d545ef7be4fcbe16a00475c11875b6ef.jpg;-1;"
                                    Przedstawiam Państwu bardzo ciekawą nieruchomość 17 km od Lublina ,siedlisko dom z bala drewnianego w stanie deweloperskim ok 120 m2, oraz działka 9800m2 wraz z zasadzonymi malinami (jeżeli będzie taka potrzeba klient zlikwiduje maliny ).Posiadłość z domem i garażem odgrodzona od działki rolnej ,wjazd na działkę z drogi asfaltowej. 
Bardzo piękna okolica blisko Krzczonowskiego Parku Krajobrazowego. Media :woda ,prąd gaz. Cena 565 000 zł za całość.

Zapraszam do obejrzenia.
Pozdrawiam

Anna Mikos
kom. +48 506 534 439 

anna.mikos@investor.net.pl
www.investor.net.pl




Investor Nieruchomości
II Oddział Lublin
ul. Władysława Jagiełły 1 20-281 Lublin,                                ";Pierwotny;-1;-1;Chmiel Drugi;-1;-1;-1;2021;-1;Tak;-1;-1;-1;-1;-1;-1;-1;-1;3079/9376/ODS;-1;-1;-1;Asfaltowa;-1;506 534 439;-1;investor;-1;2022-05-07 13:07:40.284170
